{
  "name": "first_composition",
  "schema": 1,
  "space": "threejs_yup",
  "instances": [
    {
      "instance_id": "mushroom_001",
      "asset_id": "mushroom",
      "position": [
        0.46438036824012974,
        1.9716809473164576,
        -0.6623045429578563
      ],
      "quaternion": [
        0.8541483812571019,
        -0.09691289970469064,
        0.17206981720316675,
        0.48107214705735135
      ],
      "scale": [
        17.201834862385322,
        17.201834862385322,
        17.201834862385322
      ]
    }
  ],
  "camera": {
    "position": [
      2.4271693125660407,
      5.902878815748006,
      -6.269727021165126
    ],
    "target": [
      0,
      0.8,
      0
    ],
    "fov_deg": 45,
    "up": [
      0,
      1,
      0
    ]
  },
  "render": {
    "width": 96,
    "height": 96,
    "samples": 1
  }
}
