{
  "name": "first_composition",
  "schema": 1,
  "space": "threejs_yup",
  "instances": [
    {
      "instance_id": "medieval_prop_crate_001",
      "asset_id": "medieval_prop_crate",
      "position": [
        2.222577567133289,
        1.4564830756135003,
        -0.7867754620736682
      ],
      "quaternion": [
        0,
        0,
        0,
        1
      ],
      "scale": [
        1.3842746400885937,
        1.3842746400885937,
        1.3842746400885937
      ]
    },
    {
      "instance_id": "bone_broken_003",
      "asset_id": "bone_broken",
      "position": [
        -0.12159906809854353,
        2.0994422462553493,
        0.005583525663941917
      ],
      "quaternion": [
        0.3116316407762131,
        0.6459662526806316,
        0.5516126695509735,
        0.4258365691855459
      ],
      "scale": [
        12.165063947771225,
        -266.74805626697724,
        36.12958804031341
      ]
    },
    {
      "instance_id": "bone_broken_004",
      "asset_id": "bone_broken",
      "position": [
        0.9552228978207071,
        1.2782563707727779,
        1.234412826279173
      ],
      "quaternion": [
        0,
        0,
        0,
        1
      ],
      "scale": [
        4.740834386852086,
        4.740834386852086,
        4.740834386852086
      ]
    },
    {
      "instance_id": "nasa_sls_core_stage_005",
      "asset_id": "nasa_sls_core_stage",
      "position": [
        0,
        0,
        0
      ],
      "quaternion": [
        0,
        0,
        0,
        1
      ],
      "scale": [
        1.4120827956717101,
        0.30293069540058526,
        0.2935878280542312
      ]
    }
  ],
  "camera": {
    "position": [
      -5.107990267948905,
      7.707165190017538,
      2.2884667162671692
    ],
    "target": [
      0,
      0.8,
      0
    ],
    "fov_deg": 45,
    "up": [
      0,
      1,
      0
    ]
  },
  "render": {
    "width": 1920,
    "height": 1080,
    "samples": 256
  }
}
