{
  "name": "first_composition",
  "schema": 1,
  "space": "threejs_yup",
  "instances": [
    {
      "instance_id": "mushroom_001",
      "asset_id": "mushroom",
      "position": [
        0,
        0,
        0
      ],
      "quaternion": [
        0,
        0,
        0,
        1
      ],
      "scale": [
        17.201834862385322,
        17.201834862385322,
        17.201834862385322
      ]
    }
  ],
  "camera": {
    "position": [
      3.2139732693241353e-06,
      9.240379138399474,
      7.804509966938761e-06
    ],
    "target": [
      0,
      0.8,
      0
    ],
    "fov_deg": 45,
    "up": [
      0,
      1,
      0
    ]
  },
  "render": {
    "width": 1920,
    "height": 1080,
    "samples": 256
  }
}
