{
  "name": "first_composition",
  "schema": 1,
  "space": "threejs_yup",
  "instances": [
    {
      "instance_id": "mushroom_001",
      "asset_id": "mushroom",
      "position": [
        0,
        1.2906885953528326,
        0
      ],
      "quaternion": [
        -0.4403955842491757,
        0.5633814277694302,
        -0.4305122046943128,
        0.5507379938115288
      ],
      "scale": [
        543.5842961910872,
        327.05876466025757,
        811.5259131990737
      ]
    }
  ],
  "camera": {
    "position": [
      0.07148831630085396,
      1.935903840552725,
      8.363289537356115
    ],
    "target": [
      0,
      0.8,
      0
    ],
    "fov_deg": 45,
    "up": [
      0,
      1,
      0
    ]
  },
  "render": {
    "width": 1920,
    "height": 1080,
    "samples": 256
  }
}
