{
  "name": "first_composition",
  "schema": 1,
  "space": "threejs_yup",
  "instances": [
    {
      "instance_id": "mushroom_005",
      "asset_id": "mushroom",
      "position": [
        -5.730606990540349,
        2.2825255011435726,
        2.796877967875792
      ],
      "quaternion": [
        0,
        0,
        0,
        1
      ],
      "scale": [
        17.201834862385322,
        101.80165595634203,
        17.201834862385322
      ]
    },
    {
      "instance_id": "mushroom_006",
      "asset_id": "mushroom",
      "position": [
        -2.850732748453601,
        4.198320001195368,
        3.1867361275237736
      ],
      "quaternion": [
        0,
        0,
        0,
        1
      ],
      "scale": [
        17.201834862385322,
        17.201834862385322,
        17.201834862385322
      ]
    },
    {
      "instance_id": "plant_007",
      "asset_id": "plant",
      "position": [
        -8.258406860314953,
        0.3107783028862368,
        2.2824462207535445
      ],
      "quaternion": [
        0,
        0,
        0,
        1
      ],
      "scale": [
        1.29366106080207,
        1.29366106080207,
        1.29366106080207
      ]
    },
    {
      "instance_id": "scan_rubble_ruins_008",
      "asset_id": "scan_rubble_ruins",
      "position": [
        0,
        0,
        0
      ],
      "quaternion": [
        0,
        0,
        0,
        1
      ],
      "scale": [
        1,
        1,
        1
      ]
    }
  ],
  "camera": {
    "position": [
      -5.884478292112679,
      14.367828449774194,
      -23.138771952750748
    ],
    "target": [
      0,
      0.8,
      0
    ],
    "fov_deg": 45,
    "up": [
      0,
      1,
      0
    ]
  },
  "render": {
    "width": 1920,
    "height": 1080,
    "samples": 256
  }
}
