{
  "name": "first_composition",
  "schema": 1,
  "space": "threejs_yup",
  "instances": [
    {
      "instance_id": "mushroom_001",
      "asset_id": "mushroom",
      "position": [
        0,
        1.2906885953528326,
        0
      ],
      "quaternion": [
        -0.4403955842491757,
        0.5633814277694302,
        -0.4305122046943128,
        0.5507379938115288
      ],
      "scale": [
        54.939171701855486,
        37.932030892499384,
        94.1201684092082
      ]
    }
  ],
  "camera": {
    "position": [
      -5.8806746880072405,
      4.601980121880153,
      4.711964809573534
    ],
    "target": [
      0,
      0.8,
      0
    ],
    "fov_deg": 45,
    "up": [
      0,
      1,
      0
    ]
  },
  "render": {
    "width": 1920,
    "height": 1080,
    "samples": 256
  }
}
