{
  "name": "first_composition",
  "schema": 1,
  "space": "threejs_yup",
  "instances": [
    {
      "instance_id": "medieval_prop_chimney_001",
      "asset_id": "medieval_prop_chimney",
      "position": [
        -0.23130350592978483,
        1.733794874156548,
        -1.1626055794862011
      ],
      "quaternion": [
        0,
        0,
        0,
        1
      ],
      "scale": [
        0.15590853756971676,
        0.15590853756971676,
        0.15590853756971676
      ]
    },
    {
      "instance_id": "domestic_thumb_oiler_bronze_002",
      "asset_id": "domestic_thumb_oiler_bronze",
      "position": [
        -0.7791556371863247,
        0.8723843657410445,
        -0.11788273169481434
      ],
      "quaternion": [
        0.03466438311253383,
        -0.5705647895744053,
        -0.2841090229391763,
        0.7697637718975145
      ],
      "scale": [
        25.740779349529415,
        25.740779349529415,
        25.740779349529415
      ]
    },
    {
      "instance_id": "medieval_prop_wagon_003",
      "asset_id": "medieval_prop_wagon",
      "position": [
        -2.3886370129959453,
        -0.010240014772891328,
        2.7706739666948152
      ],
      "quaternion": [
        0,
        0,
        0,
        1
      ],
      "scale": [
        1.3486412630235367,
        1.3486412630235367,
        1.3486412630235367
      ]
    }
  ],
  "camera": {
    "position": [
      3.882905994841414,
      4.880501447995838,
      -2.0362535691415724
    ],
    "target": [
      0,
      0.8,
      0
    ],
    "fov_deg": 45,
    "up": [
      0,
      1,
      0
    ]
  },
  "render": {
    "width": 1920,
    "height": 1080,
    "samples": 256
  }
}
